wavenumber / cm^-1,absorbance / a.u.
399.193,-0.09079
400.157,3.54656
401.121,5.349746
402.085,3.19553
403.05,4.313386
404.014,3.167449
404.978,5.02646
405.942,3.475374
406.906,5.066443
407.871,3.25122
408.835,4.481303
409.799,4.098087
410.763,4.03273
411.728,3.704242
412.692,5.038977
413.656,3.2523
414.62,5.074477
415.585,3.587471
416.549,4.38473
417.513,3.693807
418.477,4.681134
419.442,4.68121
420.406,4.80964
421.37,4.34091
422.334,6.0715
423.298,4.606666
424.263,6.997534
425.227,4.3338
426.191,4.743007
427.155,3.440049
428.12,6.06735
429.084,4.151885
430.048,5.639801
431.012,4.75431
431.977,6.80545
432.941,4.269071
433.905,4.85258
434.869,3.480812
435.833,6.335781
436.798,4.67149
437.762,7.236699
438.726,4.964032
439.69,6.4424
440.655,4.796979
441.619,6.262707
442.583,5.00422
443.547,7.060009
444.512,4.837039
445.476,6.4939
446.44,3.468163
447.404,6.619373
448.369,5.15123
449.333,7.070285
450.297,5.031414
451.261,6.19511
452.225,4.323721
453.19,5.2833
454.154,4.31055
455.118,6.368551
456.082,5.1176
457.047,6.35336
458.011,5.476175
458.975,5.902388
459.939,4.97882
460.904,5.925306
461.868,5.3961
462.832,5.96738
463.796,6.113923
464.76,6.711295
465.725,5.16929
466.689,6.53264
467.653,6.002043
468.617,6.34083
469.582,4.494269
470.546,6.961063
471.51,5.58455
472.474,6.865326
473.439,6.392966
474.403,12.18977
475.367,6.661778
476.331,6.935871
477.296,5.98989
478.26,8.497847
479.224,5.424191
480.188,7.15566
481.152,6.822349
482.117,8.60691
483.081,7.105513
484.045,6.593775
485.009,6.14944
485.974,7.591438
486.938,6.370046
487.902,7.84912
488.866,6.999858
489.831,8.938076
490.795,6.00522
491.759,6.342978
492.723,6.196777
493.687,7.8011
494.652,6.19657
495.616,11.30434
496.58,8.91241
497.544,9.717093
498.509,8.503689
499.473,8.48331
500.437,6.821066
501.401,22.53728
502.366,22.53778
503.33,22.53778
504.294,22.53778
505.258,22.53778
506.223,22.53778
507.187,22.53778
508.151,22.53778
509.115,22.53778
510.079,22.53778
511.044,22.53778
512.008,22.43499
512.972,22.38213
513.936,22.09829
514.901,22.53778
515.865,22.53778
516.829,22.53778
517.793,21.87127
518.758,21.63033
519.722,22.53778
520.686,22.43411
521.65,21.38159
522.614,21.47266
523.579,22.50285
524.543,22.53778
525.507,22.44638
526.471,22.53776
527.436,22.38419
528.4,22.11588
529.364,21.5298
530.328,21.66768
531.293,21.787
532.257,22.53778
533.221,22.31747
534.185,21.54451
535.15,22.5378
536.114,22.45689
537.078,21.85559
538.042,21.81994
539.006,22.45245
539.971,22.53778
540.935,21.88164
541.899,21.5207
542.863,22.53778
543.828,22.20827
544.792,21.52369
545.756,22.25707
546.72,22.41384
547.685,22.46863
548.649,22.53778
549.613,22.2272
550.577,21.56988
551.542,21.55815
552.506,21.6742
553.47,21.9662
554.434,21.80518
555.398,22.5377
556.363,22.02725
557.327,21.70676
558.291,21.88062
559.255,22.53778
560.22,22.53778
561.184,22.30925
562.148,21.74933
563.112,21.94486
564.077,21.94686
565.041,21.94934
566.005,21.9455
566.969,22.53778
567.933,22.53778
568.898,22.05782
569.862,21.63238
570.826,21.63944
571.79,21.64322
572.755,22.39882
573.719,22.42859
574.683,22.46663
575.647,22.48818
576.612,22.48485
577.576,22.49106
578.54,22.49596
579.504,22.49585
580.469,22.50308
581.433,22.50553
582.397,22.51743
583.361,22.52128
584.325,22.52326
585.29,22.52623
586.254,22.5329
587.218,22.53778
588.182,22.53778
589.147,22.53778
590.111,22.53778
591.075,22.53778
592.039,22.53778
593.004,22.53778
593.968,22.53778
594.932,22.53778
595.896,22.53778
596.86,22.53778
597.825,22.53778
598.789,22.53778
599.753,22.53778
600.717,22.53778
601.682,22.53778
602.646,22.53778
603.61,22.53778
604.574,22.53778
605.539,22.53778
606.503,22.53778
607.467,22.53778
608.431,22.53778
609.396,22.53778
610.36,22.53778
611.324,22.53778
612.288,22.53778
613.252,22.53778
614.217,22.53778
615.181,22.53778
616.145,22.53778
617.109,22.53778
618.074,22.53778
619.038,22.53778
620.002,22.53778
620.966,22.53778
621.931,22.53778
622.895,22.53778
623.859,22.53778
624.823,22.53778
625.787,22.53778
626.752,22.53778
627.716,22.53778
628.68,22.53778
629.644,22.53778
630.609,22.53778
631.573,22.53778
632.537,22.53778
633.501,22.53778
634.466,22.53778
635.43,22.53778
636.394,22.53778
637.358,22.53778
638.323,22.53778
639.287,22.53778
640.251,22.53778
641.215,22.53778
642.179,22.53819
643.144,22.53778
644.108,9.71829
645.072,22.53737
646.036,22.53778
647.001,22.53814
647.965,11.04294
648.929,8.97249
649.893,7.77001
650.858,6.123029
651.822,7.9701
652.786,6.28048
653.75,7.250514
654.714,5.41947
655.679,6.14076
656.643,4.651608
657.607,6.4506
658.571,5.27874
659.536,7.551913
660.5,4.69402
661.464,6.12507
662.428,4.3274
663.393,6.17674
664.357,4.44304
665.321,5.84662
666.285,3.74024
667.25,5.30814
668.214,4.30968
669.178,5.46374
670.142,3.86873
671.106,5.590389
672.071,3.82634
673.035,6.14233
673.999,3.740981
674.963,5.19265
675.928,3.51243
676.892,5.725444
677.856,3.70474
678.82,5.7373
679.785,3.565457
680.749,5.5427
681.713,3.67433
682.677,5.800692
683.642,3.52578
684.606,5.18091
685.57,3.571259
686.534,5.56553
687.498,3.35298
688.463,5.044364
689.427,3.44379
690.391,6.08632
691.355,3.883203
692.32,5.94789
693.284,3.53243
694.248,5.977087
695.212,3.38539
696.177,4.84665
697.141,3.244288
698.105,5.46113
699.069,3.65245
700.033,5.442323
700.998,3.44929
701.962,5.92878
702.926,3.575675
703.89,5.26403
704.855,3.20563
705.819,5.142633
706.783,3.42894
707.747,5.75627
708.712,3.624448
709.676,5.91843
710.64,3.38238
711.604,4.880578
712.569,3.16607
713.533,5.03229
714.497,3.183794
715.461,4.89134
716.425,3.23849
717.39,5.126045
718.354,3.28695
719.318,5.18356
720.282,3.435483
721.247,5.9057
722.211,3.42608
723.175,5.345394
724.139,3.35016
725.104,5.4749
726.068,3.504371
727.032,6.20396
727.996,3.52958
728.96,6.09035
729.925,3.33819
730.889,5.39407
731.853,3.35164
732.817,5.524164
733.782,3.48458
734.746,7.3508
735.71,3.390337
736.674,5.30131
737.639,3.23493
738.603,5.123627
739.567,3.15671
740.531,5.55457
741.496,3.406966
742.46,5.71644
743.424,3.30744
744.388,6.265676
745.352,3.54813
746.317,5.9192
747.281,3.31154
748.245,5.26908
749.209,3.22977
750.174,5.38282
751.138,3.21235
752.102,5.22399
753.066,3.11979
754.031,5.45583
754.995,3.28521
755.959,5.481416
756.923,3.16231
757.887,4.86705
758.852,3.251282
759.816,5.30164
760.78,3.16059
761.744,5.527386
762.709,3.24917
763.673,6.0125
764.637,3.590803
765.601,6.1809
766.566,3.13018
767.53,5.011264
768.494,3.19094
769.458,5.49443
770.423,3.024826
771.387,5.15419
772.351,3.13721
773.315,4.906309
774.279,3.06916
775.244,4.86466
776.208,3.069854
777.172,5.64992
778.136,3.45686
779.101,6.785709
780.065,3.26321
781.029,5.6674
781.993,3.373067
782.958,6.00854
783.922,3.25467
784.886,5.120727
785.85,3.0826
786.814,5.59978
787.779,3.189481
788.743,4.86744
789.707,2.93667
790.671,4.410485
791.636,3.04141
792.6,5.08925
793.564,3.13724
794.528,5.3505
795.493,3.13111
796.457,4.794116
797.421,2.98668
798.385,4.66179
799.35,3.135934
800.314,5.94703
801.278,3.19239
802.242,4.916795
803.206,3.1722
804.171,5.66464
805.135,3.45313
806.099,5.67307
807.063,3.1892
808.028,5.26307
808.992,3.45919
809.956,5.93739
810.92,3.47052
811.885,5.80186
812.849,3.62527
813.813,5.71046
814.777,3.51709
815.742,5.46233
816.706,3.634898
817.67,5.73782
818.634,3.88479
819.598,5.874113
820.563,3.76461
821.527,6.50193
822.491,4.326218
823.455,7.90804
824.42,4.16808
825.384,6.235425
826.348,4.61413
827.312,8.03187
828.277,4.709881
829.241,22.53778
830.205,5.28149
831.169,8.357569
832.133,5.02173
833.098,13.38339
834.062,5.67603
835.026,22.53778
835.99,6.47099
836.955,22.53778
837.919,6.37971
838.883,7.89092
839.847,7.452676
840.812,22.53778
841.776,22.53778
842.74,22.53778
843.704,22.53778
844.669,22.53778
845.633,22.53778
846.597,22.53778
847.561,22.53778
848.525,22.53778
849.49,22.53778
850.454,22.53778
851.418,22.53778
852.382,22.53778
853.347,22.53778
854.311,22.53778
855.275,22.53778
856.239,22.53778
857.204,22.53778
858.168,22.53778
859.132,22.53778
860.096,22.53778
861.06,22.53778
862.025,22.53778
862.989,22.53778
863.953,22.53778
864.917,22.53778
865.882,22.53778
866.846,22.53778
867.81,22.53778
868.774,22.53778
869.739,22.53778
870.703,22.53778
871.667,22.53778
872.631,22.53778
873.596,22.53778
874.56,22.53778
875.524,22.53778
876.488,22.53778
877.452,22.53778
878.417,22.53778
879.381,22.53778
880.345,22.53778
881.309,22.53778
882.274,22.53778
883.238,22.53778
884.202,22.53778
885.166,22.53778
886.131,22.53778
887.095,22.53778
888.059,22.53778
889.023,22.53778
889.987,22.53778
890.952,22.53778
891.916,22.53778
892.88,22.53778
893.844,22.53778
894.809,22.53778
895.773,22.53778
896.737,22.53778
897.701,22.53778
898.666,22.53778
899.63,22.53778
900.594,22.53778
901.558,22.53778
902.523,22.53778
903.487,22.53778
904.451,22.53778
905.415,22.53778
906.379,22.53778
907.344,22.53778
908.308,22.53778
909.272,22.53778
910.236,22.53778
911.201,22.53778
912.165,22.53778
913.129,22.53778
914.093,22.53778
915.058,22.53778
916.022,22.53778
916.986,22.53778
917.95,22.53778
918.914,22.53778
919.879,22.53778
920.843,22.53778
921.807,22.53778
922.771,22.53778
923.736,22.53778
924.7,22.53778
925.664,22.53778
926.628,22.53778
927.593,22.53778
928.557,22.53778
929.521,22.53778
930.485,22.53778
931.45,22.53778
932.414,22.53778
933.378,22.53778
934.342,22.53778
935.306,22.53778
936.271,22.53778
937.235,22.53778
938.199,22.53778
939.163,22.53778
940.128,22.53778
941.092,22.53778
942.056,22.53778
943.02,22.53778
943.985,22.53778
944.949,22.53778
945.913,22.53778
946.877,22.53778
947.842,22.53778
948.806,22.53778
949.77,22.53778
950.734,22.53778
951.698,22.53778
952.663,22.53778
953.627,22.53778
954.591,22.53778
955.555,22.53778
956.52,22.53778
957.484,22.53778
958.448,22.53778
959.412,22.53778
960.377,22.53778
961.341,22.53778
962.305,22.53778
963.269,22.53778
964.233,22.53778
965.198,22.53778
966.162,22.53778
967.126,22.53778
968.09,22.53778
969.055,22.53778
970.019,22.53778
970.983,22.53778
971.947,22.53778
972.912,22.53832
973.876,13.84993
974.84,22.53769
975.804,16.42149
976.769,22.53786
977.733,15.1358
978.697,22.53792
979.661,12.99003
980.625,22.53774
981.59,14.33096
982.554,22.5378
983.518,13.99537
984.482,22.5377
985.447,15.3367
986.411,22.5378
987.375,14.70721
988.339,22.5379
989.304,12.85855
990.268,22.53768
991.232,14.32613
992.196,22.53778
993.16,14.23034
994.125,22.53779
995.089,13.97154
996.053,22.53782
997.017,13.37638
997.982,22.53777
998.946,13.49661
999.91,22.53776
1000.874,13.76361
1001.839,22.53771
1002.803,13.90842
1003.767,22.53778
1004.731,13.1943
1005.696,22.52841
1006.66,13.30645
1007.624,22.53779
1008.588,13.01912
1009.552,22.52159
1010.517,13.40149
1011.481,22.53776
1012.445,13.50379
1013.409,22.52511
1014.374,14.19841
1015.338,22.5362
1016.302,22.5383
1017.266,22.52736
1018.231,14.3023
1019.195,22.53764
1020.159,14.81926
1021.123,22.52978
1022.087,14.64326
1023.052,22.53696
1024.016,17.21472
1024.98,22.53778
1025.944,22.53778
1026.909,22.53778
1027.873,22.53778
1028.837,22.53778
1029.801,22.53778
1030.766,22.53778
1031.73,22.53778
1032.694,22.53778
1033.658,22.53778
1034.623,22.53778
1035.587,22.53955
1036.551,15.53199
1037.515,22.52938
1038.479,14.25599
1039.444,22.53795
1040.408,13.58268
1041.372,22.52965
1042.336,14.52254
1043.301,22.53792
1044.265,14.14299
1045.229,22.53339
1046.193,13.87534
1047.158,22.53775
1048.122,13.95477
1049.086,22.53778
1050.05,13.68845
1051.014,22.53761
1051.979,14.02316
1052.943,22.53778
1053.907,13.7479
1054.871,22.52109
1055.836,14.29469
1056.8,22.53788
1057.764,13.52596
1058.728,22.52549
1059.693,14.44404
1060.657,22.53778
1061.621,14.48829
1062.585,22.52644
1063.55,15.0679
1064.514,22.53804
1065.478,14.02068
1066.442,22.52992
1067.406,14.77985
1068.371,22.5377
1069.335,15.08509
1070.299,22.5312
1071.263,16.04747
1072.228,22.53802
1073.192,15.40439
1074.156,22.53352
1075.12,14.13398
1076.085,22.53731
1077.049,15.37425
1078.013,22.53346
1078.977,14.01782
1079.942,22.53691
1080.906,15.72322
1081.87,22.53778
1082.834,15.32164
1083.798,22.52127
1084.763,14.37725
1085.727,22.53773
1086.691,14.78156
1087.655,22.52584
1088.62,14.67044
1089.584,22.53782
1090.548,14.34561
1091.512,22.53122
1092.477,18.21872
1093.441,22.53839
1094.405,15.80243
1095.369,22.53117
1096.333,16.01443
1097.298,22.53808
1098.262,14.81534
1099.226,22.53125
1100.19,16.09339
1101.155,22.53842
1102.119,14.38981
1103.083,22.53567
1104.047,18.38414
1105.012,22.53882
1105.976,15.62029
1106.94,22.53442
1107.904,15.90604
1108.869,22.53694
1109.833,17.55138
1110.797,22.53778
1111.761,14.94221
1112.725,22.52732
1113.69,17.36681
1114.654,22.53792
1115.618,16.22451
1116.582,22.52844
1117.547,16.38145
1118.511,22.53776
1119.475,16.51531
1120.439,22.52712
1121.404,15.51937
1122.368,22.53731
1123.332,17.37017
1124.296,22.53516
1125.26,19.95582
1126.225,22.53712
1127.189,22.53778
1128.153,22.53082
1129.117,15.67506
1130.082,22.53616
1131.046,19.95089
1132.01,22.53778
1132.974,22.53778
1133.939,22.53778
1134.903,22.53778
1135.867,22.53478
1136.831,16.62983
1137.796,22.53823
1138.76,15.73877
1139.724,22.53778
1140.688,22.53778
1141.652,22.53778
1142.617,22.53778
1143.581,22.53778
1144.545,22.53778
1145.509,22.53778
1146.474,22.53778
1147.438,22.53778
1148.402,22.5384
1149.366,22.53027
1150.331,17.58987
1151.295,22.53652
1152.259,22.53778
1153.223,22.53446
1154.187,19.26138
1155.152,22.53695
1156.116,22.53778
1157.08,22.53778
1158.044,22.53778
1159.009,22.53778
1159.973,22.53778
1160.937,22.53506
1161.901,17.1488
1162.866,22.53574
1163.83,22.53778
1164.794,22.53671
1165.758,20.42606
1166.723,22.53672
1167.687,22.53778
1168.651,22.53778
1169.615,17.45547
1170.579,22.53778
1171.544,22.53778
1172.508,22.53778
1173.472,22.53778
1174.436,22.53778
1175.401,22.53778
1176.365,22.53778
1177.329,22.53788
1178.293,22.53651
1179.258,21.70393
1180.222,22.53757
1181.186,22.53778
1182.15,22.53778
1183.114,22.53778
1184.079,22.53778
1185.043,22.53778
1186.007,22.53525
1186.971,20.05028
1187.936,22.53683
1188.9,22.53778
1189.864,22.53599
1190.828,19.00767
1191.793,22.53644
1192.757,22.53778
1193.721,22.53778
1194.685,22.53818
1195.65,22.53858
1196.614,20.9575
1197.578,22.53778
1198.542,22.53856
1199.506,22.53155
1200.471,19.46246
1201.435,22.53739
1202.399,22.53822
1203.363,22.5325
1204.328,19.06225
1205.292,22.53734
1206.256,22.5383
1207.22,22.53146
1208.185,18.37594
1209.149,22.53672
1210.113,22.53778
1211.077,22.53149
1212.042,16.33555
1213.006,22.53742
1213.97,17.77366
1214.934,22.53339
1215.898,18.20882
1216.863,22.5373
1217.827,19.47359
1218.791,22.53778
1219.755,22.53895
1220.72,22.53895
1221.684,19.46026
1222.648,22.53778
1223.612,22.53924
1224.577,22.5407
1225.541,16.75683
1226.505,22.53778
1227.469,22.53778
1228.433,22.53778
1229.398,22.53778
1230.362,22.53778
1231.326,22.53832
1232.29,22.53123
1233.255,18.22618
1234.219,22.53804
1235.183,16.15694
1236.147,22.52771
1237.112,15.90599
1238.076,22.5361
1239.04,22.53778
1240.004,22.53149
1240.969,16.33561
1241.933,22.5371
1242.897,19.02621
1243.861,22.53233
1244.825,17.15705
1245.79,22.53574
1246.754,22.53778
1247.718,22.53549
1248.682,18.01965
1249.647,22.53832
1250.611,16.58711
1251.575,22.53449
1252.539,16.04869
1253.504,22.5379
1254.468,15.79546
1255.432,22.53778
1256.396,18.29261
1257.36,22.52839
1258.325,17.90181
1259.289,22.53778
1260.253,15.68733
1261.217,22.52736
1262.182,15.67324
1263.146,22.53792
1264.11,14.62992
1265.074,22.52647
1266.039,13.93976
1267.003,17.94126
1267.967,13.48768
1268.931,14.36185
1269.896,12.45746
1270.86,12.5147
1271.824,11.52486
1272.788,11.50661
1273.752,10.79788
1274.717,10.61998
1275.681,10.10442
1276.645,9.895535
1277.609,9.435228
1278.574,9.223989
1279.538,8.859866
1280.502,8.655322
1281.466,8.335669
1282.431,8.137239
1283.395,7.863129
1284.359,7.67287
1285.323,7.428061
1286.287,7.253158
1287.252,7.037928
1288.216,6.87598
1289.18,6.679793
1290.144,6.530747
1291.109,6.356909
1292.073,6.218779
1293.037,6.060115
1294.001,5.93086
1294.966,5.78551
1295.93,5.667692
1296.894,5.53379
1297.858,5.422107
1298.823,5.300627
1299.787,5.197008
1300.751,5.08303
1301.715,4.986872
1302.679,4.882546
1303.644,4.793135
1304.608,4.695771
1305.572,4.611368
1306.536,4.520592
1307.501,4.442821
1308.465,4.35873
1309.429,4.28478
1310.393,4.206235
1311.358,4.137886
1312.322,4.063417
1313.286,3.9975
1314.25,3.928335
1315.214,3.867075
1316.179,3.802105
1317.143,3.74411
1318.107,3.682803
1319.071,3.627597
1320.036,3.569511
1321.0,3.518187
1321.964,3.463644
1322.928,3.41515
1323.893,3.363989
1324.857,3.317712
1325.821,3.26923
1326.785,3.225438
1327.75,3.179412
1328.714,3.138071
1329.678,3.09457
1330.642,3.055279
1331.606,3.014172
1332.571,2.977254
1333.535,2.938425
1334.499,2.903715
1335.463,2.867368
1336.428,2.834523
1337.392,2.799664
1338.356,2.768506
1339.32,2.735719
1340.285,2.705875
1341.249,2.674298
1342.213,2.64636
1343.177,2.616953
1344.142,2.590295
1345.106,2.562277
1346.07,2.53734
1347.034,2.511077
1347.998,2.48766
1348.963,2.463299
1349.927,2.441053
1350.891,2.417467
1351.855,2.396371
1352.82,2.374028
1353.784,2.354375
1354.748,2.33353
1355.712,2.314855
1356.677,2.29498
1357.641,2.277215
1358.605,2.25844
1359.569,2.242235
1360.533,2.224992
1361.498,2.209306
1362.462,2.192822
1363.426,2.177838
1364.39,2.161915
1365.355,2.148155
1366.319,2.133112
1367.283,2.120198
1368.247,2.106015
1369.212,2.093447
1370.176,2.079873
1371.14,2.06803
1372.104,2.055317
1373.069,2.044333
1374.033,2.032133
1374.997,2.02147
1375.961,2.009859
1376.925,1.999515
1377.89,1.988364
1378.854,1.978861
1379.818,1.968249
1380.782,1.958896
1381.747,1.948564
1382.711,1.939682
1383.675,1.92978
1384.639,1.921227
1385.604,1.911844
1386.568,1.903942
1387.532,1.89441
1388.496,1.885798
1389.46,1.876916
1390.425,1.869113
1391.389,1.860321
1392.353,1.852699
1393.317,1.844457
1394.282,1.837043
1395.246,1.828491
1396.21,1.821349
1397.174,1.813158
1398.139,1.806244
1399.103,1.798112
1400.067,1.79085
1401.031,1.782928
1401.996,1.775836
1402.96,1.768022
1403.924,1.76126
1404.888,1.753448
1405.852,1.746427
1406.817,1.738903
1407.781,1.732381
1408.745,1.725039
1409.709,1.718527
1410.674,1.711303
1411.638,1.705101
1412.602,1.69795
1413.566,1.691658
1414.531,1.684753
1415.495,1.678662
1416.459,1.67186
1417.423,1.665868
1418.387,1.659417
1419.352,1.653293
1420.316,1.646201
1421.28,1.640679
1422.244,1.634088
1423.209,1.628622
1424.173,1.622321
1425.137,1.616729
1426.101,1.610698
1427.066,1.605443
1428.03,1.599751
1428.994,1.59507
1429.958,1.589659
1430.923,1.585027
1431.887,1.580011
1432.851,1.57591
1433.815,1.571349
1434.779,1.567468
1435.744,1.563381
1436.708,1.56009
1437.672,1.5558
1438.636,1.552859
1439.601,1.549401
1440.565,1.54677
1441.529,1.54387
1442.493,1.541669
1443.458,1.538871
1444.422,1.536911
1445.386,1.53463
1446.35,1.533109
1447.314,1.53133
1448.279,1.53034
1449.243,1.52856
1450.207,1.52771
1451.171,1.52647
1452.136,1.52599
1453.1,1.52485
1454.064,1.52436
1455.028,1.52333
1455.993,1.522581
1456.957,1.52064
1457.921,1.51934
1458.885,1.51737
1459.85,1.515579
1460.814,1.513371
1461.778,1.51201
1462.742,1.51025
1463.706,1.508939
1464.671,1.506861
1465.635,1.50539
1466.599,1.50359
1467.563,1.502379
1468.528,1.500471
1469.492,1.499
1470.456,1.49713
1471.42,1.495809
1472.385,1.494011
1473.349,1.49289
1474.313,1.49116
1475.277,1.49013
1476.242,1.48897
1477.206,1.48827
1478.17,1.48717
1479.134,1.48673
1480.098,1.48593
1481.063,1.4859
1482.027,1.48534
1482.991,1.48547
1483.955,1.48532
1484.92,1.48578
1485.884,1.48594
1486.848,1.48687
1487.812,1.4876
1488.777,1.48865
1489.741,1.48897
1490.705,1.48881
1491.669,1.48705
1492.633,1.485219
1493.598,1.482631
1494.562,1.48067
1495.526,1.47836
1496.49,1.476559
1497.455,1.474551
1498.419,1.47311
1499.383,1.47128
1500.347,1.4704
1501.312,1.46929
1502.276,1.46873
1503.24,1.4679
1504.204,1.46755
1505.169,1.46654
1506.133,1.46696
1507.097,1.46687
1508.061,1.46682
1509.025,1.46612
1509.99,1.46572
1510.954,1.46479
1511.918,1.46468
1512.882,1.4638
1513.847,1.46313
1514.811,1.46236
1515.775,1.46173
1516.739,1.46063
1517.704,1.459629
1518.668,1.45793
1519.632,1.45676
1520.596,1.45498
1521.56,1.453229
1522.525,1.451161
1523.489,1.44916
1524.453,1.44682
1525.417,1.444709
1526.382,1.441981
1527.346,1.43965
1528.31,1.43665
1529.274,1.433849
1530.239,1.430991
1531.203,1.428701
1532.167,1.42591
1533.131,1.423429
1534.096,1.420479
1535.06,1.418031
1536.024,1.41526
1536.988,1.41273
1537.952,1.410079
1538.917,1.407861
1539.881,1.40521
1540.845,1.40291
1541.809,1.400509
1542.774,1.398561
1543.738,1.3966
1544.702,1.39474
1545.666,1.39237
1546.631,1.390369
1547.595,1.38822
1548.559,1.38635
1549.523,1.38481
1550.487,1.383259
1551.452,1.38106
1552.416,1.37932
1553.38,1.37746
1554.344,1.376179
1555.309,1.37462
1556.273,1.37315
1557.237,1.37114
1558.201,1.37013
1559.166,1.36922
1560.13,1.36798
1561.094,1.36644
1562.058,1.36578
1563.023,1.36468
1563.987,1.36397
1564.951,1.36327
1565.915,1.36269
1566.879,1.36188
1567.844,1.36151
1568.808,1.36119
1569.772,1.36135
1570.736,1.36127
1571.701,1.36144
1572.665,1.36149
1573.629,1.362
1574.593,1.3624
1575.558,1.36279
1576.522,1.36392
1577.486,1.36543
1578.45,1.3663
1579.414,1.367509
1580.379,1.36897
1581.343,1.37071
1582.307,1.372521
1583.271,1.374741
1584.236,1.37668
1585.2,1.37893
1586.164,1.381291
1587.128,1.383891
1588.093,1.386499
1589.057,1.38949
1590.021,1.392591
1590.985,1.396031
1591.95,1.399609
1592.914,1.40347
1593.878,1.40753
1594.842,1.411961
1595.806,1.416388
1596.771,1.421169
1597.735,1.42614
1598.699,1.431371
1599.663,1.436733
1600.628,1.442418
1601.592,1.448169
1602.556,1.454331
1603.52,1.460702
1604.485,1.467217
1605.449,1.473909
1606.413,1.481091
1607.377,1.488573
1608.342,1.496186
1609.306,1.503918
1610.27,1.51181
1611.234,1.519582
1612.198,1.527624
1613.163,1.535488
1614.127,1.54351
1615.091,1.550961
1616.055,1.557743
1617.02,1.566587
1617.984,1.574929
1618.948,1.582341
1619.912,1.590153
1620.877,1.597657
1621.841,1.605289
1622.805,1.61262
1623.769,1.620272
1624.733,1.627087
1625.698,1.633558
1626.662,1.63998
1627.626,1.646842
1628.59,1.653503
1629.555,1.659848
1630.519,1.666109
1631.483,1.672511
1632.447,1.678833
1633.412,1.685298
1634.376,1.690839
1635.34,1.697291
1636.304,1.703952
1637.269,1.709867
1638.233,1.715359
1639.197,1.72084
1640.161,1.725981
1641.125,1.731243
1642.09,1.735989
1643.054,1.7405
1644.018,1.744781
1644.982,1.748671
1645.947,1.752319
1646.911,1.75686
1647.875,1.76029
1648.839,1.763241
1649.804,1.765869
1650.768,1.76866
1651.732,1.77011
1652.696,1.771291
1653.66,1.773919
1654.625,1.77575
1655.589,1.7762
1656.553,1.77668
1657.517,1.77666
1658.482,1.77652
1659.446,1.7759
1660.41,1.77501
1661.374,1.773719
1662.339,1.771801
1663.303,1.76912
1664.267,1.76695
1665.231,1.764019
1666.196,1.760992
1667.16,1.757521
1668.124,1.75416
1669.088,1.749329
1670.052,1.744618
1671.017,1.740561
1671.981,1.73558
1672.945,1.730349
1673.909,1.725678
1674.874,1.720002
1675.838,1.713961
1676.802,1.708919
1677.766,1.703488
1678.731,1.697792
1679.695,1.692421
1680.659,1.6863
1681.623,1.680739
1682.587,1.675542
1683.552,1.670721
1684.516,1.66416
1685.48,1.657609
1686.444,1.653798
1687.409,1.649272
1688.373,1.644571
1689.337,1.640009
1690.301,1.635278
1691.266,1.630752
1692.23,1.62667
1693.194,1.6228
1694.158,1.619469
1695.123,1.615772
1696.087,1.611201
1697.051,1.60886
1698.015,1.606309
1698.979,1.603578
1699.944,1.600491
1700.908,1.59747
1701.872,1.59579
1702.836,1.593889
1703.801,1.591701
1704.765,1.58993
1705.729,1.58817
1706.693,1.586549
1707.658,1.58494
1708.622,1.58373
1709.586,1.58258
1710.55,1.58155
1711.514,1.580521
1712.479,1.57977
1713.443,1.57938
1714.407,1.57908
1715.371,1.5785
1716.336,1.57827
1717.3,1.57778
1718.264,1.57789
1719.228,1.57746
1720.193,1.57736
1721.157,1.57737
1722.121,1.57757
1723.085,1.57784
1724.05,1.57813
1725.014,1.57815
1725.978,1.57858
1726.942,1.57889
1727.906,1.57927
1728.871,1.57957
1729.835,1.58
1730.799,1.58003
1731.763,1.58035
1732.728,1.58048
1733.692,1.58065
1734.656,1.58026
1735.62,1.58
1736.585,1.57971
1737.549,1.57932
1738.513,1.57869
1739.477,1.57781
1740.442,1.57677
1741.406,1.57594
1742.37,1.57475
1743.334,1.57373
1744.298,1.572219
1745.263,1.57066
1746.227,1.56905
1747.191,1.56744
1748.155,1.565459
1749.12,1.563421
1750.084,1.56131
1751.048,1.55919
1752.012,1.556579
1752.977,1.554531
1753.941,1.552181
1754.905,1.55004
1755.869,1.54814
1756.833,1.546099
1757.798,1.5439
1758.762,1.54202
1759.726,1.53999
1760.69,1.538399
1761.655,1.536741
1762.619,1.53529
1763.583,1.53408
1764.547,1.53287
1765.512,1.53193
1766.476,1.53127
1767.44,1.53079
1768.404,1.53047
1769.369,1.53009
1770.333,1.53004
1771.297,1.53028
1772.261,1.53042
1773.225,1.530811
1774.19,1.5321
1775.154,1.53317
1776.118,1.53441
1777.082,1.535801
1778.047,1.537659
1779.011,1.53964
1779.975,1.54187
1780.939,1.544261
1781.904,1.546749
1782.868,1.549429
1783.832,1.55261
1784.796,1.555991
1785.76,1.559462
1786.725,1.562979
1787.689,1.56681
1788.653,1.570981
1789.617,1.575302
1790.582,1.579908
1791.546,1.584599
1792.51,1.589291
1793.474,1.594442
1794.439,1.599538
1795.403,1.605059
1796.367,1.610761
1797.331,1.616571
1798.296,1.622397
1799.26,1.628518
1800.224,1.63487
1801.188,1.641422
1802.152,1.648203
1803.117,1.654948
1804.081,1.661629
1805.045,1.668661
1806.009,1.675813
1806.974,1.683167
1807.938,1.690769
1808.902,1.698511
1809.866,1.706373
1810.831,1.714506
1811.795,1.722488
1812.759,1.73052
1813.723,1.738592
1814.687,1.747096
1815.652,1.755628
1816.616,1.7644
1817.58,1.773202
1818.544,1.782054
1819.509,1.790827
1820.473,1.799929
1821.437,1.808931
1822.401,1.818324
1823.366,1.827706
1824.33,1.837079
1825.294,1.846681
1826.258,1.856312
1827.223,1.865515
1828.187,1.875188
1829.151,1.88481
1830.115,1.895072
1831.079,1.904865
1832.044,1.914498
1833.008,1.924129
1833.972,1.933981
1834.936,1.943644
1835.901,1.953476
1836.865,1.963079
1837.829,1.972861
1838.793,1.982274
1839.758,1.991655
1840.722,2.000588
1841.686,2.00986
1842.65,2.018662
1843.614,2.027016
1844.579,2.035158
1845.543,2.04347
1846.507,2.050452
1847.471,2.057643
1848.436,2.064167
1849.4,2.070709
1850.364,2.076141
1851.328,2.081732
1852.293,2.086338
1853.257,2.090679
1854.221,2.094141
1855.185,2.097691
1856.15,2.100089
1857.114,2.102449
1858.078,2.10389
1859.042,2.10515
1860.006,2.10544
1860.971,2.1057
1861.935,2.10479
1862.899,2.10389
1863.863,2.10201
1864.828,2.099971
1865.792,2.096961
1866.756,2.09418
1867.72,2.090609
1868.685,2.086922
1869.649,2.081701
1870.613,2.07715
1871.577,2.071739
1872.542,2.066373
1873.506,2.059932
1874.47,2.05356
1875.434,2.046609
1876.398,2.040026
1877.363,2.032153
1878.327,2.024541
1879.291,2.016189
1880.255,2.008107
1881.22,1.999113
1882.184,1.990301
1883.148,1.980859
1884.112,1.971777
1885.077,1.961835
1886.041,1.952322
1887.005,1.94203
1887.969,1.932297
1888.933,1.922035
1889.898,1.911713
1890.862,1.901051
1891.826,1.891149
1892.79,1.880466
1893.755,1.870514
1894.719,1.860241
1895.683,1.850269
1896.647,1.839986
1897.612,1.830405
1898.576,1.820413
1899.54,1.81106
1900.504,1.801408
1901.469,1.792305
1902.433,1.782812
1903.397,1.77405
1904.361,1.765168
1905.325,1.756745
1906.29,1.748193
1907.254,1.740401
1908.218,1.732239
1909.182,1.724637
1910.147,1.716793
1911.111,1.709641
1912.075,1.702469
1913.039,1.695917
1914.004,1.689093
1914.968,1.682822
1915.932,1.67664
1916.896,1.671358
1917.86,1.665607
1918.825,1.660281
1919.789,1.65518
1920.753,1.650449
1921.717,1.645648
1922.682,1.641562
1923.646,1.63718
1924.61,1.63335
1925.574,1.629719
1926.539,1.626561
1927.503,1.623311
1928.467,1.62052
1929.431,1.617679
1930.396,1.615391
1931.36,1.613011
1932.324,1.61101
1933.288,1.60902
1934.252,1.607539
1935.217,1.605811
1936.181,1.60467
1937.145,1.60347
1938.109,1.60261
1939.074,1.60171
1940.038,1.60121
1941.002,1.60064
1941.966,1.60052
1942.931,1.60011
1943.895,1.60005
1944.859,1.59994
1945.823,1.60013
1946.787,1.60027
1947.752,1.60077
1948.716,1.60101
1949.68,1.60173
1950.644,1.60221
1951.609,1.60286
1952.573,1.60328
1953.537,1.60416
1954.501,1.605021
1955.466,1.60602
1956.43,1.60659
1957.394,1.60749
1958.358,1.60833
1959.323,1.60941
1960.287,1.61021
1961.251,1.61131
1962.215,1.61207
1963.179,1.61315
1964.144,1.614
1965.108,1.6151
1966.072,1.61614
1967.036,1.6173
1968.001,1.61801
1968.965,1.61887
1969.929,1.61972
1970.893,1.62088
1971.858,1.62151
1972.822,1.62243
1973.786,1.62318
1974.75,1.62417
1975.714,1.62474
1976.679,1.62546
1977.643,1.62601
1978.607,1.62687
1979.571,1.62741
1980.536,1.628
1981.5,1.62817
1982.464,1.62855
1983.428,1.62866
1984.393,1.62863
1985.357,1.62835
1986.321,1.62832
1987.285,1.62782
1988.25,1.62746
1989.214,1.62662
1990.178,1.62599
1991.142,1.62503
1992.106,1.624029
1993.071,1.622501
1994.035,1.62115
1994.999,1.61941
1995.963,1.617709
1996.928,1.615651
1997.892,1.61359
1998.856,1.61124
1999.82,1.609079
2000.785,1.606511
2001.749,1.603851
2002.713,1.60096
2003.677,1.598239
2004.642,1.595008
2005.606,1.591731
2006.57,1.58817
2007.534,1.584769
2008.498,1.581329
2009.463,1.577811
2010.427,1.57365
2011.391,1.569829
2012.355,1.565799
2013.32,1.561822
2014.284,1.557541
2015.248,1.55335
2016.212,1.548949
2017.177,1.544592
2018.141,1.539921
2019.105,1.53529
2020.069,1.530399
2021.033,1.525728
2021.998,1.520752
2022.962,1.515671
2023.926,1.510569
2024.89,1.505598
2025.855,1.500252
2026.819,1.494971
2027.783,1.489619
2028.747,1.484258
2029.712,1.478583
2030.676,1.472931
2031.64,1.46699
2032.604,1.461219
2033.569,1.455377
2034.533,1.449412
2035.497,1.4432
2036.461,1.437009
2037.425,1.430658
2038.39,1.424353
2039.354,1.417701
2040.318,1.411099
2041.282,1.404557
2042.247,1.397873
2043.211,1.390882
2044.175,1.38396
2045.139,1.377118
2046.104,1.370154
2047.068,1.362972
2048.032,1.35575
2048.996,1.348668
2049.96,1.341576
2050.925,1.334262
2051.889,1.32689
2052.853,1.319748
2053.817,1.312726
2054.782,1.305472
2055.746,1.298292
2056.71,1.291168
2057.674,1.284108
2058.639,1.277202
2059.603,1.270232
2060.567,1.263358
2061.531,1.256718
2062.496,1.250133
2063.46,1.243532
2064.424,1.237
2065.388,1.230658
2066.352,1.224703
2067.317,1.218711
2068.281,1.21265
2069.245,1.2067
2070.209,1.201247
2071.174,1.195833
2072.138,1.19045
2073.102,1.18516
2074.066,1.180207
2075.031,1.175452
2075.995,1.170901
2076.959,1.16622
2077.923,1.161839
2078.887,1.157718
2079.852,1.153811
2080.816,1.14983
2081.78,1.146079
2082.744,1.142538
2083.709,1.139421
2084.673,1.136181
2085.637,1.132999
2086.601,1.129879
2087.566,1.127361
2088.53,1.124801
2089.494,1.122239
2090.458,1.119659
2091.423,1.117571
2092.387,1.115551
2093.351,1.1136
2094.315,1.11147
2095.279,1.109881
2096.244,1.10846
2097.208,1.10706
2098.172,1.10528
2099.136,1.10395
2100.101,1.10298
2101.065,1.10203
2102.029,1.10085
2102.993,1.1
2103.958,1.09922
2104.922,1.09874
2105.886,1.09796
2106.85,1.09716
2107.814,1.09651
2108.779,1.0965
2109.743,1.0962
2110.707,1.09576
2111.671,1.09531
2112.636,1.09548
2113.6,1.09565
2114.564,1.09567
2115.528,1.09524
2116.493,1.09542
2117.457,1.09584
2118.421,1.09612
2119.385,1.09607
2120.35,1.09648
2121.314,1.09697
2122.278,1.09757
2123.242,1.09772
2124.206,1.09815
2125.171,1.09874
2126.135,1.09966
2127.099,1.10007
2128.063,1.10052
2129.028,1.101179
2129.992,1.10222
2130.956,1.10291
2131.92,1.1036
2132.885,1.10415
2133.849,1.1052
2134.813,1.10623
2135.777,1.1071
2136.742,1.107641
2137.706,1.10866
2138.67,1.10973
2139.634,1.1108
2140.598,1.11148
2141.563,1.11249
2142.527,1.11361
2143.491,1.11493
2144.455,1.11567
2145.42,1.1165
2146.384,1.11762
2147.348,1.11903
2148.312,1.12
2149.277,1.12089
2150.241,1.1218
2151.205,1.12319
2152.169,1.1244
2153.133,1.12544
2154.098,1.12617
2155.062,1.12745
2156.026,1.12889
2156.99,1.13018
2157.955,1.13083
2158.919,1.13202
2159.883,1.13345
2160.847,1.13484
2161.812,1.13564
2162.776,1.13674
2163.74,1.13815
2164.704,1.13981
2165.669,1.14077
2166.633,1.14165
2167.597,1.14279
2168.561,1.1446
2169.525,1.14584
2170.49,1.14669
2171.454,1.1476
2172.418,1.14939
2173.382,1.15094
2174.347,1.15184
2175.311,1.15257
2176.275,1.154271
2177.239,1.15596
2178.204,1.15717
2179.168,1.15783
2180.132,1.15926
2181.096,1.16104
2182.06,1.162649
2183.025,1.16338
2183.989,1.16446
2184.953,1.166151
2185.917,1.168051
2186.882,1.16889
2187.846,1.16968
2188.81,1.17116
2189.774,1.173311
2190.739,1.174659
2191.703,1.17559
2192.667,1.17663
2193.631,1.178501
2194.596,1.180141
2195.56,1.1812
2196.524,1.18209
2197.488,1.18391
2198.452,1.185661
2199.417,1.18711
2200.381,1.18792
2201.345,1.18934
2202.309,1.191191
2203.274,1.19301
2204.238,1.19387
2205.202,1.19504
2206.166,1.196881
2207.131,1.198889
2208.095,1.19999
2209.059,1.201
2210.023,1.202441
2210.987,1.204609
2211.952,1.20626
2212.916,1.20732
2213.88,1.208261
2214.844,1.210251
2215.809,1.212059
2216.773,1.21346
2217.737,1.21451
2218.701,1.216321
2219.666,1.218209
2220.63,1.21979
2221.594,1.22066
2222.558,1.22214
2223.523,1.224181
2224.487,1.22618
2225.451,1.22736
2226.415,1.22859
2227.379,1.230311
2228.344,1.23257
2229.308,1.23416
2230.272,1.23521
2231.236,1.236401
2232.201,1.238659
2233.165,1.24068
2234.129,1.24195
2235.093,1.243001
2236.058,1.245029
2237.022,1.24727
2237.986,1.24894
2238.95,1.24976
2239.914,1.251249
2240.879,1.253689
2241.843,1.25592
2242.807,1.25686
2243.771,1.258001
2244.736,1.260129
2245.7,1.26258
2246.664,1.26404
2247.628,1.265081
2248.593,1.266809
2249.557,1.26942
2250.521,1.2714
2251.485,1.27228
2252.45,1.273121
2253.414,1.275339
2254.378,1.27751
2255.342,1.2786
2256.306,1.279211
2257.271,1.2809
2258.235,1.28303
2259.199,1.28453
2260.163,1.285
2261.128,1.286139
2262.092,1.288319
2263.056,1.29019
2264.02,1.29072
2264.985,1.291369
2265.949,1.293149
2266.913,1.29526
2267.877,1.29634
2268.842,1.29683
2269.806,1.29796
2270.77,1.30005
2271.734,1.30157
2272.698,1.30203
2273.663,1.302689
2274.627,1.30462
2275.591,1.30644
2276.555,1.3073
2277.52,1.30771
2278.484,1.30913
2279.448,1.31106
2280.412,1.31248
2281.377,1.31281
2282.341,1.31342
2283.305,1.31493
2284.269,1.31655
2285.233,1.3173
2286.198,1.31782
2287.162,1.31884
2288.126,1.320601
2289.09,1.32187
2290.055,1.32211
2291.019,1.32258
2291.983,1.324371
2292.947,1.32608
2293.912,1.32687
2294.876,1.327
2295.84,1.32798
2296.804,1.3297
2297.769,1.33102
2298.733,1.33132
2299.697,1.33166
2300.661,1.333361
2301.625,1.33507
2302.59,1.33569
2303.554,1.33585
2304.518,1.33713
2305.482,1.339021
2306.447,1.34026
2307.411,1.34058
2308.375,1.34079
2309.339,1.342621
2310.304,1.344691
2311.268,1.34538
2312.232,1.34529
2313.196,1.346661
2314.16,1.34875
2315.125,1.3494
2316.089,1.34973
2317.053,1.350261
2318.017,1.352551
2318.982,1.35452
2319.946,1.35486
2320.91,1.35468
2321.874,1.35618
2322.839,1.357759
2323.803,1.35906
2324.767,1.35923
2325.731,1.36017
2326.696,1.361969
2327.66,1.36383
2328.624,1.36447
2329.588,1.36449
2330.552,1.366291
2331.517,1.368429
2332.481,1.36897
2333.445,1.36881
2334.409,1.369851
2335.374,1.371359
2336.338,1.37302
2337.302,1.37379
2338.266,1.373981
2339.231,1.375892
2340.195,1.37832
2341.159,1.37892
2342.123,1.37951
2343.087,1.381131
2344.052,1.38302
2345.016,1.38448
2345.98,1.38557
2346.944,1.385991
2347.909,1.38762
2348.873,1.38888
2349.837,1.38957
2350.801,1.39032
2351.766,1.392149
2352.73,1.39422
2353.694,1.39597
2354.658,1.39691
2355.623,1.398149
2356.587,1.40019
2357.551,1.40224
2358.515,1.40396
2359.479,1.40459
2360.444,1.405789
2361.408,1.40771
2362.372,1.40885
2363.336,1.40986
2364.301,1.411249
2365.265,1.41331
2366.229,1.41481
2367.193,1.4154
2368.158,1.41534
2369.122,1.416819
2370.086,1.41975
2371.05,1.42161
2372.014,1.42163
2372.979,1.42258
2373.943,1.424849
2374.907,1.42705
2375.871,1.42781
2376.836,1.42854
2377.8,1.4298
2378.764,1.432001
2379.728,1.43362
2380.693,1.43409
2381.657,1.43478
2382.621,1.437
2383.585,1.43897
2384.55,1.44008
2385.514,1.4405
2386.478,1.44198
2387.442,1.444281
2388.406,1.44615
2389.371,1.44658
2390.335,1.44738
2391.299,1.44951
2392.263,1.45177
2393.228,1.45264
2394.192,1.45322
2395.156,1.45466
2396.12,1.457141
2397.085,1.45898
2398.049,1.4595
2399.013,1.46008
2399.977,1.462431
2400.942,1.464651
2401.906,1.46556
2402.87,1.46607
2403.834,1.467781
2404.798,1.470071
2405.763,1.47179
2406.727,1.47227
2407.691,1.473251
2408.655,1.475421
2409.62,1.477789
2410.584,1.47857
2411.548,1.47906
2412.512,1.480761
2413.477,1.483259
2414.441,1.4848
2415.405,1.48543
2416.369,1.486291
2417.333,1.488511
2418.298,1.490709
2419.262,1.49166
2420.226,1.49206
2421.19,1.493851
2422.155,1.496209
2423.119,1.49796
2424.083,1.49871
2425.047,1.49979
2426.012,1.501661
2426.976,1.50388
2427.94,1.50497
2428.904,1.5056
2429.869,1.507272
2430.833,1.50975
2431.797,1.51123
2432.761,1.51197
2433.725,1.51282
2434.69,1.514799
2435.654,1.51703
2436.618,1.51846
2437.582,1.51899
2438.547,1.520309
2439.511,1.52256
2440.475,1.52438
2441.439,1.52509
2442.404,1.526279
2443.368,1.52827
2444.332,1.53045
2445.296,1.53179
2446.26,1.53242
2447.225,1.533559
2448.189,1.53603
2449.153,1.53796
2450.117,1.53859
2451.082,1.539369
2452.046,1.54151
2453.01,1.54365
2453.974,1.54499
2454.939,1.545501
2455.903,1.5469
2456.867,1.54923
2457.831,1.55127
2458.796,1.55177
2459.76,1.55245
2460.724,1.554689
2461.688,1.55713
2462.652,1.55817
2463.617,1.5588
2464.581,1.560099
2465.545,1.562431
2466.509,1.56444
2467.474,1.56523
2468.438,1.56582
2469.402,1.56803
2470.366,1.57047
2471.331,1.57164
2472.295,1.57206
2473.259,1.57354
2474.223,1.575881
2475.187,1.577889
2476.152,1.5785
2477.116,1.57902
2478.08,1.58105
2479.044,1.583691
2480.009,1.5848
2480.973,1.58518
2481.937,1.58656
2482.901,1.589101
2483.866,1.59095
2484.83,1.59178
2485.794,1.59242
2486.758,1.594301
2487.723,1.596781
2488.687,1.59821
2489.651,1.59849
2490.615,1.599811
2491.579,1.602191
2492.544,1.60418
2493.508,1.60499
2494.472,1.60583
2495.436,1.607481
2496.401,1.60992
2497.365,1.61134
2498.329,1.61182
2499.293,1.613121
2500.258,1.615599
2501.222,1.61754
2502.186,1.61854
2503.15,1.61933
2504.114,1.620919
2505.079,1.623069
2506.043,1.62495
2507.007,1.6256
2507.971,1.626591
2508.936,1.628759
2509.9,1.63111
2510.864,1.6322
2511.828,1.632951
2512.793,1.634561
2513.757,1.636899
2514.721,1.63855
2515.685,1.6393
2516.65,1.640171
2517.614,1.642379
2518.578,1.64478
2519.542,1.64594
2520.506,1.64634
2521.471,1.64802
2522.435,1.65045
2523.399,1.65216
2524.363,1.65285
2525.328,1.65362
2526.292,1.655749
2527.256,1.65838
2528.22,1.65941
2529.185,1.65968
2530.149,1.66117
2531.113,1.66374
2532.077,1.66555
2533.041,1.6662
2534.006,1.666819
2534.97,1.66889
2535.934,1.67143
2536.898,1.67269
2537.863,1.67289
2538.827,1.67414
2539.791,1.676531
2540.755,1.67843
2541.72,1.67901
2542.684,1.67986
2543.648,1.681871
2544.612,1.68424
2545.577,1.68558
2546.541,1.68594
2547.505,1.687071
2548.469,1.689651
2549.433,1.691649
2550.398,1.69226
2551.362,1.693
2552.326,1.694981
2553.29,1.697269
2554.255,1.69864
2555.219,1.69897
2556.183,1.70015
2557.147,1.702712
2558.112,1.704959
2559.076,1.70534
2560.04,1.70574
2561.004,1.707791
2561.969,1.710129
2562.933,1.71133
2563.897,1.71191
2564.861,1.713031
2565.825,1.715281
2566.79,1.71742
2567.754,1.71835
2568.718,1.71888
2569.682,1.720701
2570.647,1.72306
2571.611,1.72444
2572.575,1.72502
2573.539,1.72617
2574.504,1.72817
2575.468,1.7303
2576.432,1.73143
2577.396,1.7319
2578.36,1.733479
2579.325,1.73597
2580.289,1.73759
2581.253,1.73835
2582.217,1.739309
2583.182,1.741189
2584.146,1.74336
2585.11,1.74467
2586.074,1.74522
2587.039,1.746509
2588.003,1.74886
2588.967,1.75102
2589.931,1.7518
2590.896,1.752429
2591.86,1.75413
2592.824,1.75656
2593.788,1.75816
2594.752,1.75873
2595.717,1.759719
2596.681,1.7622
2597.645,1.7645
2598.609,1.76511
2599.574,1.7655
2600.538,1.767419
2601.502,1.76999
2602.466,1.77151
2603.431,1.77189
2604.395,1.77282
2605.359,1.775301
2606.323,1.77781
2607.287,1.77858
2608.252,1.77889
2609.216,1.78062
2610.18,1.783241
2611.144,1.78485
2612.109,1.78535
2613.073,1.7866
2614.037,1.78868
2615.001,1.790711
2615.966,1.791839
2616.93,1.79236
2617.894,1.79401
2618.858,1.796621
2619.823,1.798409
2620.787,1.79903
2621.751,1.8001
2622.715,1.802291
2623.679,1.804481
2624.644,1.80566
2625.608,1.8062
2626.572,1.807681
2627.536,1.810251
2628.501,1.81213
2629.465,1.81279
2630.429,1.81374
2631.393,1.815881
2632.358,1.81814
2633.322,1.81951
2634.286,1.82028
2635.25,1.821731
2636.214,1.824099
2637.179,1.82603
2638.143,1.82687
2639.107,1.82768
2640.071,1.829779
2641.036,1.83218
2642.0,1.8337
2642.964,1.83453
2643.928,1.835861
2644.893,1.838009
2645.857,1.8401
2646.821,1.84117
2647.785,1.842081
2648.75,1.843949
2649.714,1.84637
2650.678,1.84802
2651.642,1.84891
2652.606,1.850061
2653.571,1.852249
2654.535,1.85456
2655.499,1.85597
2656.463,1.85662
2657.428,1.858029
2658.392,1.860649
2659.356,1.86276
2660.32,1.86369
2661.285,1.86462
2662.249,1.866559
2663.213,1.868981
2664.177,1.87061
2665.141,1.87134
2666.106,1.872609
2667.07,1.87508
2668.034,1.87734
2668.998,1.87832
2669.963,1.87897
2670.927,1.88111
2671.891,1.88386
2672.855,1.88553
2673.82,1.886109
2674.784,1.88724
2675.748,1.88977
2676.712,1.892291
2677.677,1.89323
2678.641,1.89381
2679.605,1.89573
2680.569,1.898561
2681.533,1.90035
2682.498,1.90082
2683.462,1.90195
2684.426,1.904561
2685.39,1.907061
2686.355,1.90811
2687.319,1.90871
2688.283,1.910671
2689.247,1.913381
2690.212,1.91519
2691.176,1.91581
2692.14,1.916991
2693.104,1.919461
2694.069,1.922039
2695.033,1.9235
2695.997,1.92425
2696.961,1.925791
2697.925,1.928459
2698.89,1.93049
2699.854,1.93143
2700.818,1.93247
2701.782,1.934842
2702.747,1.937419
2703.711,1.93902
2704.675,1.93976
2705.639,1.941271
2706.604,1.943859
2707.568,1.946149
2708.532,1.9472
2709.496,1.94822
2710.46,1.950342
2711.425,1.953069
2712.389,1.95491
2713.353,1.95574
2714.317,1.956941
2715.282,1.959589
2716.246,1.962059
2717.21,1.96343
2718.174,1.96418
2719.139,1.965939
2720.103,1.968869
2721.067,1.97128
2722.031,1.97223
2722.996,1.973119
2723.96,1.975449
2724.924,1.97841
2725.888,1.9801
2726.852,1.980879
2727.817,1.982419
2728.781,1.98531
2729.745,1.9878
2730.709,1.98901
2731.674,1.989779
2732.638,1.99184
2733.602,1.99463
2734.566,1.99668
2735.531,1.997569
2736.495,1.999109
2737.459,2.0019
2738.423,2.00452
2739.387,2.00569
2740.352,2.006609
2741.316,2.00873
2742.28,2.011761
2743.244,2.01387
2744.209,2.01484
2745.173,2.015939
2746.137,2.018521
2747.101,2.02137
2748.066,2.02289
2749.03,2.02375
2749.994,2.025841
2750.958,2.028811
2751.923,2.031099
2752.887,2.03218
2753.851,2.03334
2754.815,2.035731
2755.779,2.038669
2756.744,2.0403
2757.708,2.04106
2758.672,2.04275
2759.636,2.045812
2760.601,2.048349
2761.565,2.04962
2762.529,2.05056
2763.493,2.052732
2764.458,2.055659
2765.422,2.057679
2766.386,2.05862
2767.35,2.060231
2768.314,2.063042
2769.279,2.065809
2770.243,2.06715
2771.207,2.068151
2772.171,2.070102
2773.136,2.073059
2774.1,2.07531
2775.064,2.07643
2776.028,2.077551
2776.993,2.080369
2777.957,2.0832
2778.921,2.08501
2779.885,2.08589
2780.85,2.087669
2781.814,2.090629
2782.778,2.09342
2783.742,2.09448
2784.706,2.095519
2785.671,2.097769
2786.635,2.1008
2787.599,2.10279
2788.563,2.10389
2789.528,2.105419
2790.492,2.10834
2791.456,2.11097
2792.42,2.11246
2793.385,2.113529
2794.349,2.115829
2795.313,2.11871
2796.277,2.12101
2797.241,2.12214
2798.206,2.123689
2799.17,2.12634
2800.134,2.12931
2801.098,2.13102
2802.063,2.13201
2803.027,2.133849
2803.991,2.137041
2804.955,2.13971
2805.92,2.14084
2806.884,2.141809
2807.848,2.144481
2808.812,2.147381
2809.777,2.149109
2810.741,2.15014
2811.705,2.15204
2812.669,2.154871
2813.633,2.157979
2814.598,2.15932
2815.562,2.1603
2816.526,2.162611
2817.49,2.165771
2818.455,2.167799
2819.419,2.16917
2820.383,2.17073
2821.347,2.173372
2822.312,2.176319
2823.276,2.17849
2824.24,2.17935
2825.204,2.181441
2826.169,2.184522
2827.133,2.18702
2828.097,2.18809
2829.061,2.189541
2830.025,2.192232
2830.99,2.195399
2831.954,2.19735
2832.918,2.19854
2833.882,2.200411
2834.847,2.203819
2835.811,2.20648
2836.775,2.20782
2837.739,2.209181
2838.704,2.211998
2839.668,2.215149
2840.632,2.2178
2841.596,2.21922
2842.56,2.220739
2843.525,2.223679
2844.489,2.22749
2845.453,2.22959
2846.417,2.231071
2847.382,2.233659
2848.346,2.23717
2849.31,2.23963
2850.274,2.241411
2851.239,2.243309
2852.203,2.24625
2853.167,2.24939
2854.131,2.25182
2855.096,2.253091
2856.06,2.255219
2857.024,2.25829
2857.988,2.26104
2858.952,2.26224
2859.917,2.26339
2860.881,2.265829
2861.845,2.268991
2862.809,2.27105
2863.774,2.27197
2864.738,2.27287
2865.702,2.275371
2866.666,2.277981
2867.631,2.279549
2868.595,2.280509
2869.559,2.28271
2870.523,2.285401
2871.487,2.287769
2872.452,2.28885
2873.416,2.29028
2874.38,2.292691
2875.344,2.295911
2876.309,2.297759
2877.273,2.29878
2878.237,2.30063
2879.201,2.303761
2880.166,2.306199
2881.13,2.30766
2882.094,2.30885
2883.058,2.311241
2884.023,2.314152
2884.987,2.3164
2885.951,2.3172
2886.915,2.319101
2887.879,2.322222
2888.844,2.32518
2889.808,2.326819
2890.772,2.328541
2891.736,2.330731
2892.701,2.333819
2893.665,2.33639
2894.629,2.33822
2895.593,2.339751
2896.558,2.342878
2897.522,2.346039
2898.486,2.34808
2899.45,2.349461
2900.414,2.352049
2901.379,2.355089
2902.343,2.35827
2903.307,2.36023
2904.271,2.361961
2905.236,2.364498
2906.2,2.36832
2907.164,2.37085
2908.128,2.372641
2909.093,2.374869
2910.057,2.37807
2911.021,2.38103
2911.985,2.38336
2912.95,2.384991
2913.914,2.387929
2914.878,2.39156
2915.842,2.394681
2916.806,2.396511
2917.771,2.398959
2918.735,2.402289
2919.699,2.40591
2920.663,2.40818
2921.628,2.410509
2922.592,2.413129
2923.556,2.416341
2924.52,2.419091
2925.485,2.421429
2926.449,2.423209
2927.413,2.42596
2928.377,2.428701
2929.341,2.430849
2930.306,2.432169
2931.27,2.43457
2932.234,2.437211
2933.198,2.439981
2934.163,2.441639
2935.127,2.44282
2936.091,2.44431
2937.055,2.447051
2938.02,2.449139
2938.984,2.45036
2939.948,2.45159
2940.912,2.453871
2941.877,2.455751
2942.841,2.45736
2943.805,2.45838
2944.769,2.460041
2945.733,2.462291
2946.698,2.46455
2947.662,2.46579
2948.626,2.46729
2949.59,2.469581
2950.555,2.472379
2951.519,2.47401
2952.483,2.47569
2953.447,2.477381
2954.412,2.480169
2955.376,2.483379
2956.34,2.48558
2957.304,2.48665
2958.269,2.488989
2959.233,2.491889
2960.197,2.49443
2961.161,2.49573
2962.125,2.497431
2963.09,2.499619
2964.054,2.50257
2965.018,2.50473
2965.982,2.50605
2966.947,2.507229
2967.911,2.50989
2968.875,2.51253
2969.839,2.51407
2970.804,2.515311
2971.768,2.517709
2972.732,2.51966
2973.696,2.52155
2974.66,2.522521
2975.625,2.52405
2976.589,2.526499
2977.553,2.52933
2978.517,2.53061
2979.482,2.531869
2980.446,2.5336
2981.41,2.536271
2982.374,2.538931
2983.339,2.540939
2984.303,2.541889
2985.267,2.54391
2986.231,2.546641
2987.196,2.549109
2988.16,2.54997
2989.124,2.55186
2990.088,2.554691
2991.052,2.557131
2992.017,2.558309
2992.981,2.56021
2993.945,2.56248
2994.909,2.565251
2995.874,2.567639
2996.838,2.56919
2997.802,2.57056
2998.766,2.573341
2999.731,2.575781
3000.695,2.577569
3001.659,2.57911
3002.623,2.58159
3003.587,2.583841
3004.552,2.586479
3005.516,2.588619
3006.48,2.590491
3007.444,2.592401
3008.409,2.595199
3009.373,2.59712
3010.337,2.59849
3011.301,2.600251
3012.266,2.602839
3013.23,2.605089
3014.194,2.60784
3015.158,2.60988
3016.123,2.611939
3017.087,2.614579
3018.051,2.61763
3019.015,2.61966
3019.979,2.621931
3020.944,2.624269
3021.908,2.62674
3022.872,2.6285
3023.836,2.630661
3024.801,2.632479
3025.765,2.63523
3026.729,2.6381
3027.693,2.64022
3028.658,2.641531
3029.622,2.644249
3030.586,2.64701
3031.55,2.64909
3032.514,2.650621
3033.479,2.652669
3034.443,2.654619
3035.407,2.657821
3036.371,2.66029
3037.336,2.66226
3038.3,2.66379
3039.264,2.666481
3040.228,2.668771
3041.193,2.670439
3042.157,2.671979
3043.121,2.67526
3044.085,2.677741
3045.05,2.680249
3046.014,2.682149
3046.978,2.6841
3047.942,2.686661
3048.906,2.68962
3049.871,2.691009
3050.835,2.69305
3051.799,2.6959
3052.763,2.698951
3053.728,2.700709
3054.692,2.703
3055.656,2.70484
3056.62,2.707031
3057.585,2.709692
3058.549,2.712209
3059.513,2.71353
3060.477,2.715971
3061.441,2.718872
3062.406,2.72157
3063.37,2.7234
3064.334,2.72554
3065.298,2.727751
3066.263,2.730089
3067.227,2.73192
3068.191,2.73431
3069.155,2.736301
3070.12,2.739028
3071.084,2.741639
3072.048,2.74394
3073.012,2.745681
3073.977,2.748269
3074.941,2.750469
3075.905,2.75321
3076.869,2.75491
3077.833,2.756031
3078.798,2.758178
3079.762,2.76174
3080.726,2.76448
3081.69,2.76664
3082.655,2.768009
3083.619,2.77032
3084.583,2.77303
3085.547,2.77592
3086.512,2.777451
3087.476,2.779529
3088.44,2.78233
3089.404,2.78514
3090.369,2.786491
3091.333,2.788769
3092.297,2.791519
3093.261,2.7944
3094.225,2.796061
3095.19,2.798039
3096.154,2.799979
3097.118,2.802901
3098.082,2.805361
3099.047,2.807599
3100.011,2.80899
3100.975,2.81177
3101.939,2.814701
3102.904,2.817179
3103.868,2.818739
3104.832,2.82094
3105.796,2.823141
3106.76,2.826041
3107.725,2.827539
3108.689,2.82907
3109.653,2.83151
3110.617,2.835032
3111.582,2.837669
3112.546,2.83963
3113.51,2.84116
3114.474,2.843441
3115.439,2.845371
3116.403,2.847569
3117.367,2.85015
3118.331,2.8529
3119.296,2.854441
3120.26,2.857209
3121.224,2.859719
3122.188,2.86211
3123.152,2.864591
3124.117,2.868079
3125.081,2.87027
3126.045,2.87248
3127.009,2.874321
3127.974,2.876659
3128.938,2.878889
3129.902,2.88178
3130.866,2.884121
3131.831,2.886849
3132.795,2.888919
3133.759,2.89159
3134.723,2.893701
3135.687,2.896099
3136.652,2.898169
3137.616,2.90067
3138.58,2.90245
3139.544,2.904931
3140.509,2.907479
3141.473,2.9107
3142.437,2.91345
3143.401,2.91601
3144.366,2.917701
3145.33,2.920429
3146.294,2.92291
3147.258,2.925711
3148.223,2.928061
3149.187,2.930229
3150.151,2.93194
3151.115,2.93482
3152.079,2.937131
3153.044,2.939939
3154.008,2.942309
3154.972,2.94514
3155.936,2.947541
3156.901,2.950579
3157.865,2.953049
3158.829,2.95549
3159.793,2.957651
3160.758,2.960778
3161.722,2.96298
3162.686,2.96522
3163.65,2.967711
3164.614,2.970798
3165.579,2.972899
3166.543,2.9755
3167.507,2.97786
3168.471,2.980991
3169.436,2.983649
3170.4,2.9865
3171.364,2.98812
3172.328,2.991002
3173.293,2.994352
3174.257,2.997439
3175.221,2.99939
3176.185,3.00227
3177.15,3.004591
3178.114,3.00685
3179.078,3.00915
3180.042,3.01176
3181.006,3.013701
3181.971,3.017069
3182.935,3.019639
3183.899,3.02207
3184.863,3.024391
3185.828,3.027739
3186.792,3.030129
3187.756,3.03273
3188.72,3.035181
3189.685,3.038109
3190.649,3.040479
3191.613,3.04382
3192.577,3.04597
3193.541,3.048259
3194.506,3.050869
3195.47,3.05387
3196.434,3.05583
3197.398,3.058051
3198.363,3.060049
3199.327,3.06284
3200.291,3.065731
3201.255,3.069341
3202.22,3.07131
3203.184,3.073309
3204.148,3.075651
3205.112,3.07879
3206.077,3.080879
3207.041,3.083489
3208.005,3.085961
3208.969,3.08849
3209.933,3.090539
3210.898,3.09323
3211.862,3.09501
3212.826,3.098011
3213.79,3.100509
3214.755,3.103129
3215.719,3.10523
3216.683,3.10791
3217.647,3.110281
3218.612,3.113019
3219.576,3.11537
3220.54,3.1182
3221.504,3.120132
3222.469,3.123448
3223.433,3.126389
3224.397,3.12886
3225.361,3.130651
3226.325,3.134171
3227.29,3.136809
3228.254,3.13975
3229.218,3.142281
3230.182,3.144721
3231.147,3.147049
3232.111,3.149669
3233.075,3.151041
3234.039,3.154241
3235.004,3.157399
3235.968,3.160619
3236.932,3.162831
3237.896,3.16572
3238.86,3.168029
3239.825,3.170739
3240.789,3.1733
3241.753,3.17671
3242.717,3.179049
3243.682,3.181669
3244.646,3.18372
3245.61,3.18656
3246.574,3.188482
3247.539,3.191858
3248.503,3.19483
3249.467,3.19778
3250.431,3.200792
3251.396,3.203529
3252.36,3.205529
3253.324,3.20804
3254.288,3.210741
3255.252,3.213971
3256.217,3.216249
3257.181,3.2195
3258.145,3.222141
3259.109,3.225241
3260.074,3.228169
3261.038,3.231759
3262.002,3.233971
3262.966,3.236991
3263.931,3.240019
3264.895,3.24251
3265.859,3.244361
3266.823,3.247941
3267.787,3.250219
3268.752,3.252999
3269.716,3.25517
3270.68,3.25803
3271.644,3.260808
3272.609,3.264809
3273.573,3.26738
3274.537,3.27029
3275.501,3.273132
3276.466,3.276289
3277.43,3.27871
3278.394,3.28181
3279.358,3.284542
3280.323,3.287919
3281.287,3.290629
3282.251,3.29385
3283.215,3.29564
3284.179,3.297931
3285.144,3.300599
3286.108,3.30412
3287.072,3.306611
3288.036,3.309311
3289.001,3.311599
3289.965,3.31468
3290.929,3.31581
3291.893,3.318141
3292.858,3.321419
3293.822,3.325089
3294.786,3.327871
3295.75,3.33102
3296.714,3.332889
3297.679,3.335939
3298.643,3.33921
3299.607,3.34253
3300.571,3.344859
3301.536,3.348009
3302.5,3.3504
3303.464,3.35301
3304.428,3.354602
3305.393,3.357659
3306.357,3.36039
3307.321,3.36405
3308.285,3.366442
3309.25,3.369678
3310.214,3.372809
3311.178,3.37615
3312.142,3.378731
3313.106,3.381811
3314.071,3.384119
3315.035,3.38714
3315.999,3.390281
3316.963,3.393621
3317.928,3.395749
3318.892,3.398999
3319.856,3.402401
3320.82,3.4054
3321.785,3.407379
3322.749,3.411049
3323.713,3.41327
3324.677,3.41514
3325.641,3.417638
3326.606,3.421649
3327.57,3.42433
3328.534,3.42798
3329.498,3.430259
3330.463,3.433089
3331.427,3.43607
3332.391,3.43921
3333.355,3.441121
3334.32,3.443899
3335.284,3.44681
3336.248,3.44929
3337.212,3.450452
3338.177,3.453678
3339.141,3.456879
3340.105,3.46051
3341.069,3.463461
3342.033,3.46618
3342.998,3.467739
3343.962,3.4715
3344.926,3.474921
3345.89,3.478051
3346.855,3.480009
3347.819,3.482759
3348.783,3.485491
3349.747,3.48795
3350.712,3.489639
3351.676,3.493609
3352.64,3.496751
3353.604,3.500141
3354.569,3.502729
3355.533,3.505189
3356.497,3.50748
3357.461,3.511711
3358.425,3.514439
3359.39,3.517179
3360.354,3.52015
3361.318,3.52378
3362.282,3.526532
3363.247,3.530149
3364.211,3.53254
3365.175,3.5352
3366.139,3.537512
3367.104,3.540838
3368.068,3.542959
3369.032,3.54586
3369.996,3.549091
3370.96,3.553941
3371.925,3.557389
3372.889,3.56186
3373.853,3.564821
3374.817,3.568281
3375.782,3.571449
3376.746,3.574939
3377.71,3.577251
3378.674,3.581041
3379.639,3.584849
3380.603,3.588789
3381.567,3.591391
3382.531,3.594701
3383.496,3.597438
3384.46,3.601369
3385.424,3.6042
3386.388,3.607941
3387.352,3.610998
3388.317,3.614899
3389.281,3.61778
3390.245,3.62019
3391.209,3.622322
3392.174,3.626138
3393.138,3.62959
3394.102,3.6343
3395.066,3.638062
3396.031,3.642048
3396.995,3.644459
3397.959,3.64815
3398.923,3.650161
3399.887,3.652841
3400.852,3.655669
3401.816,3.66052
3402.78,3.665161
3403.744,3.670082
3404.709,3.674069
3405.673,3.677989
3406.637,3.681331
3407.601,3.685441
3408.566,3.688179
3409.53,3.692649
3410.494,3.697041
3411.458,3.701
3412.423,3.704248
3413.387,3.709799
3414.351,3.7136
3415.315,3.717031
3416.279,3.721537
3417.244,3.727109
3418.208,3.73097
3419.172,3.73546
3420.136,3.740133
3421.101,3.745158
3422.065,3.74853
3423.029,3.75356
3423.993,3.757212
3424.958,3.762107
3425.922,3.767439
3426.886,3.77234
3427.85,3.775911
3428.814,3.781101
3429.779,3.784769
3430.743,3.79057
3431.707,3.796142
3432.671,3.802192
3433.636,3.805939
3434.6,3.810619
3435.564,3.816171
3436.528,3.821141
3437.493,3.825519
3438.457,3.833028
3439.421,3.838561
3440.385,3.843651
3441.35,3.848567
3442.314,3.855139
3443.278,3.86022
3444.242,3.866641
3445.206,3.872017
3446.171,3.877789
3447.135,3.88375
3448.099,3.88959
3449.063,3.894783
3450.028,3.900767
3450.992,3.90703
3451.956,3.9147
3452.92,3.919523
3453.885,3.925327
3454.849,3.931698
3455.813,3.93884
3456.777,3.944812
3457.741,3.951963
3458.706,3.957568
3459.67,3.96426
3460.634,3.972373
3461.598,3.980912
3462.563,3.986468
3463.527,3.993348
3464.491,3.999842
3465.455,4.006931
3466.42,4.013568
3467.384,4.022778
3468.348,4.028362
3469.312,4.036212
3470.277,4.045325
3471.241,4.054188
3472.205,4.06177
3473.169,4.070682
3474.133,4.078516
3475.098,4.086398
3476.062,4.09525
3477.026,4.105191
3477.99,4.112004
3478.955,4.120755
3479.919,4.13038
3480.883,4.14086
3481.847,4.149846
3482.812,4.160465
3483.776,4.16908
3484.74,4.17936
3485.704,4.188742
3486.669,4.198834
3487.633,4.209017
3488.597,4.22235
3489.561,4.233103
3490.525,4.244665
3491.49,4.254847
3492.454,4.266327
3493.418,4.276713
3494.382,4.288593
3495.347,4.300857
3496.311,4.314007
3497.275,4.325844
3498.239,4.340073
3499.204,4.353203
3500.168,4.366066
3501.132,4.37874
3502.096,4.392364
3503.06,4.406592
3504.025,4.423316
3504.989,4.43688
3505.953,4.451943
3506.917,4.466329
3507.882,4.483572
3508.846,4.49885
3509.81,4.51549
3510.774,4.53094
3511.739,4.548802
3512.703,4.56282
3513.667,4.57924
3514.631,4.596365
3515.596,4.614818
3516.56,4.632065
3517.524,4.65199
3518.488,4.668744
3519.452,4.686479
3520.417,4.704995
3521.381,4.724646
3522.345,4.739925
3523.309,4.759465
3524.274,4.779655
3525.238,4.800335
3526.202,4.819355
3527.166,4.840544
3528.131,4.857601
3529.095,4.878475
3530.059,4.89668
3531.023,4.913274
3531.987,4.9301
3532.952,4.951985
3533.916,4.9693
3534.88,4.986333
3535.844,5.001491
3536.809,5.02174
3537.773,5.0391
3538.737,5.05932
3539.701,5.074377
3540.666,5.087824
3541.63,5.09923
3542.594,5.11673
3543.558,5.132813
3544.523,5.143993
3545.487,5.154177
3546.451,5.17147
3547.415,5.184754
3548.379,5.199055
3549.344,5.209557
3550.308,5.220367
3551.272,5.229243
3552.236,5.23978
3553.201,5.244218
3554.165,5.254067
3555.129,5.261592
3556.093,5.26803
3557.058,5.269688
3558.022,5.275419
3558.986,5.27707
3559.95,5.28017
3560.914,5.28007
3561.879,5.280241
3562.843,5.27678
3563.807,5.278709
3564.771,5.27653
3565.736,5.274932
3566.7,5.26968
3567.664,5.26577
3568.628,5.258506
3569.593,5.251013
3570.557,5.24639
3571.521,5.24354
3572.485,5.23709
3573.45,5.235837
3574.414,5.230482
3575.378,5.22605
3576.342,5.223341
3577.306,5.222956
3578.271,5.217811
3579.235,5.216771
3580.199,5.215469
3581.163,5.212098
3582.128,5.206151
3583.092,5.204341
3584.056,5.197408
3585.02,5.189047
3585.985,5.182231
3586.949,5.182981
3587.913,5.17233
3588.877,5.163447
3589.841,5.154204
3590.806,5.146042
3591.77,5.13529
3592.734,5.127898
3593.698,5.119145
3594.663,5.111443
3595.627,5.10694
3596.591,5.10065
3597.555,5.091409
3598.52,5.087632
3599.484,5.08265
3600.448,5.08039
3601.412,5.076749
3602.377,5.074197
3603.341,5.069061
3604.305,5.06662
3605.269,5.06587
3606.233,5.065099
3607.198,5.06286
3608.162,5.059861
3609.126,5.057332
3610.09,5.0609
3611.055,5.06109
3612.019,5.06216
3612.983,5.064311
3613.947,5.0681
3614.912,5.071648
3615.876,5.077209
3616.84,5.07963
3617.804,5.09036
3618.769,5.090599
3619.733,5.095619
3620.697,5.10216
3621.661,5.106791
3622.625,5.108472
3623.59,5.11056
3624.554,5.10735
3625.518,5.1045
3626.482,5.099518
3627.447,5.090547
3628.411,5.07365
3629.375,5.05767
3630.339,5.037196
3631.304,5.018928
3632.268,4.995356
3633.232,4.97349
3634.196,4.947333
3635.16,4.921546
3636.125,4.897076
3637.089,4.875976
3638.053,4.853535
3639.017,4.832734
3639.982,4.811575
3640.946,4.794914
3641.91,4.779247
3642.874,4.766736
3643.839,4.752397
3644.803,4.741163
3645.767,4.72959
3646.731,4.723909
3647.696,4.718384
3648.66,4.707273
3649.624,4.69768
3650.588,4.691158
3651.552,4.684077
3652.517,4.677693
3653.481,4.67177
3654.445,4.66906
3655.409,4.662519
3656.374,4.660041
3657.338,4.6569
3658.302,4.65464
3659.266,4.65311
3660.231,4.652279
3661.195,4.65047
3662.159,4.6497
3663.123,4.649291
3664.087,4.649739
3665.052,4.64906
3666.016,4.65044
3666.98,4.65137
3667.944,4.651772
3668.909,4.6569
3669.873,4.651971
3670.837,4.648811
3671.801,4.65341
3672.766,4.65493
3673.73,4.65486
3674.694,4.65223
3675.658,4.653961
3676.623,4.65459
3677.587,4.65434
3678.551,4.65179
3679.515,4.652629
3680.479,4.65169
3681.444,4.65123
3682.408,4.65023
3683.372,4.65038
3684.336,4.65062
3685.301,4.651289
3686.265,4.65484
3687.229,4.65479
3688.193,4.650012
3689.158,4.65701
3690.122,4.657869
3691.086,4.66044
3692.05,4.663531
3693.014,4.665761
3693.979,4.666749
3694.943,4.66818
3695.907,4.670171
3696.871,4.673901
3697.836,4.676639
3698.8,4.682889
3699.764,4.68696
3700.728,4.689162
3701.693,4.695897
3702.657,4.702299
3703.621,4.70533
3704.585,4.709841
3705.55,4.714427
3706.514,4.721548
3707.478,4.72881
3708.442,4.732312
3709.406,4.740878
3710.371,4.752047
3711.335,4.75395
3712.299,4.76352
3713.263,4.772733
3714.228,4.778527
3715.192,4.7849
3716.156,4.79228
3717.12,4.801441
3718.085,4.809235
3719.049,4.819727
3720.013,4.83209
3720.977,4.842003
3721.941,4.854929
3722.906,4.872226
3723.87,4.886146
3724.834,4.904774
3725.798,4.922445
3726.763,4.945623
3727.727,4.973622
3728.691,5.00679
3729.655,5.045421
3730.62,5.084023
3731.584,5.114041
3732.548,5.15177
3733.512,5.174964
3734.477,5.189924
3735.441,5.199879
3736.405,5.2014
3737.369,5.20179
3738.333,5.198434
3739.298,5.189903
3740.262,5.18696
3741.226,5.19097
3742.19,5.206858
3743.155,5.214131
3744.119,5.20371
3745.083,5.19889
3746.047,5.196786
3747.012,5.157934
3747.976,5.075344
3748.94,4.89013
3749.904,4.627789
3750.869,4.446074
3751.833,4.299342
3752.797,4.195839
3753.761,4.146151
3754.725,4.112133
3755.69,4.086775
3756.654,4.070334
3757.618,4.056466
3758.582,4.043638
3759.547,4.034404
3760.511,4.027422
3761.475,4.02027
3762.439,4.015839
3763.404,4.011192
3764.368,4.006271
3765.332,4.00387
3766.296,4.004289
3767.26,4.000648
3768.225,3.997052
3769.189,3.99338
3770.153,3.9977
3771.117,3.995439
3772.082,3.993211
3773.046,3.9919
3774.01,3.9919
3774.974,3.991981
3775.939,3.99357
3776.903,3.99286
3777.867,3.99242
3778.831,3.992712
3779.796,3.998199
3780.76,3.99736
3781.724,3.99739
3782.688,3.99723
3783.652,3.99794
3784.617,3.99929
3785.581,4.00095
3786.545,4.00058
3787.509,4.001299
3788.474,4.00022
3789.438,3.99923
3790.402,3.99797
3791.366,3.99845
3792.331,3.99835
3793.295,3.99913
3794.259,3.99822
3795.223,3.99649
3796.187,3.998769
3797.152,4.002069
3798.116,4.00132
3799.08,4.00353
3800.044,3.999699
3801.009,4.000098
3801.973,4.00647
3802.937,4.00738
3803.901,4.006102
3804.866,4.007417
3805.83,4.00459
3806.794,4.00804
3807.758,4.01287
3808.723,4.012569
3809.687,4.01265
3810.651,4.01418
3811.615,4.016311
3812.579,4.018871
3813.544,4.02185
3814.508,4.022251
3815.472,4.019013
3816.436,4.027451
3817.401,4.0286
3818.365,4.029
3819.329,4.02877
3820.293,4.029623
3821.258,4.036118
3822.222,4.03791
3823.186,4.03735
3824.15,4.03763
3825.114,4.037469
3826.079,4.040019
3827.043,4.0439
3828.007,4.04465
3828.971,4.045191
3829.936,4.046559
3830.9,4.04717
3831.864,4.05299
3832.828,4.054509
3833.793,4.054022
3834.757,4.058529
3835.721,4.06287
3836.685,4.05686
3837.65,4.060515
3838.614,4.066499
3839.578,4.0663
3840.542,4.068231
3841.506,4.069659
3842.471,4.06756
3843.435,4.071089
3844.399,4.074369
3845.363,4.07378
3846.328,4.074759
3847.292,4.07631
3848.256,4.07828
3849.22,4.081781
3850.185,4.08398
3851.149,4.0819
3852.113,4.08907
3853.077,4.084139
3854.041,4.085748
3855.006,4.094059
3855.97,4.09206
3856.934,4.092751
3857.898,4.094421
3858.863,4.096179
3859.827,4.09678
3860.791,4.096971
3861.755,4.101093
3862.72,4.10467
3863.684,4.10263
3864.648,4.105992
3865.612,4.11034
3866.577,4.11017
3867.541,4.10987
3868.505,4.10918
3869.469,4.110962
3870.433,4.116948
3871.398,4.11894
3872.362,4.11797
3873.326,4.116882
3874.29,4.122269
3875.255,4.1232
3876.219,4.12335
3877.183,4.12448
3878.147,4.125858
3879.112,4.124669
3880.076,4.13054
3881.04,4.13401
3882.004,4.131842
3882.969,4.134269
3883.933,4.13648
3884.897,4.13324
3885.861,4.140141
3886.825,4.14271
3887.79,4.14246
3888.754,4.14261
3889.718,4.141829
3890.682,4.141985
3891.647,4.148679
3892.611,4.14886
3893.575,4.149681
3894.539,4.15128
3895.504,4.15205
3896.468,4.15391
3897.432,4.155769
3898.396,4.155472
3899.36,4.161519
3900.325,4.16042
3901.289,4.15932
3902.253,4.165609
3903.217,4.16333
3904.182,4.16545
3905.146,4.16869
3906.11,4.1696
3907.074,4.1701
3908.039,4.17042
3909.003,4.17179
3909.967,4.17316
3910.931,4.174301
3911.896,4.176149
3912.86,4.17853
3913.824,4.17978
3914.788,4.18147
3915.752,4.183053
3916.717,4.187199
3917.681,4.19028
3918.645,4.19033
3919.609,4.191182
3920.574,4.193369
3921.538,4.19342
3922.502,4.1939
3923.466,4.19473
3924.431,4.197449
3925.395,4.200409
3926.359,4.200009
3927.323,4.200401
3928.287,4.204738
3929.252,4.20733
3930.216,4.2081
3931.18,4.208841
3932.144,4.211499
3933.109,4.213049
3934.073,4.21463
3935.037,4.21706
3936.001,4.217899
3936.966,4.21822
3937.93,4.22017
3938.894,4.22102
3939.858,4.221851
3940.823,4.223889
3941.787,4.225039
3942.751,4.2271
3943.715,4.22809
3944.679,4.229331
3945.644,4.23085
3946.608,4.23296
3947.572,4.23541
3948.536,4.23494
3949.501,4.23596
3950.465,4.23911
3951.429,4.23994
3952.393,4.240631
3953.358,4.24207
3954.322,4.24371
3955.286,4.245551
3956.25,4.24743
3957.214,4.24929
3958.179,4.25004
3959.143,4.25171
3960.107,4.25314
3961.071,4.253879
3962.036,4.256289
3963.0,4.25766
3963.964,4.25813
3964.928,4.259492
3965.893,4.262609
3966.857,4.26469
3967.821,4.26493
3968.785,4.267272
3969.75,4.269489
3970.714,4.27
3971.678,4.2711
3972.642,4.27363
3973.606,4.2745
3974.571,4.27577
3975.535,4.27869
3976.499,4.28029
3977.463,4.280981
3978.428,4.28188
3979.392,4.282629
3980.356,4.283941
3981.32,4.286961
3982.285,4.28875
3983.249,4.288849
3984.213,4.291081
3985.177,4.293821
3986.141,4.296319
3987.106,4.29684
3988.07,4.29682
3989.034,4.29794
3989.998,4.300229
3990.963,4.30237
3991.927,4.30415
3992.891,4.30439
3993.855,4.306952
3994.82,4.310339
3995.784,4.31125
3996.748,4.31153
3997.712,4.31384
3998.677,4.315149
3999.641,4.317378
4000.605,-0.09079
